<?xml version="1.0"?>
<doc>
    <assembly>
        <name>ServiceAnt</name>
    </assembly>
    <members>
        <member name="T:ServiceAnt.Handler.IHandlerFactory">
            <summary>
            The interface is used to get handler
            </summary>
        </member>
        <member name="M:ServiceAnt.Handler.IHandlerFactory.GetHandler">
            <summary>
            Get Handler
            </summary>
            <returns></returns>
        </member>
        <member name="M:ServiceAnt.Handler.IHandlerFactory.GetLocalEventType">
            <summary>
            Get event type of registering event type
            </summary>
            <returns></returns>
        </member>
        <member name="M:ServiceAnt.Handler.IHandlerFactory.ReleaseHandler(System.Object)">
            <summary>
            Releast generated handler if need
            </summary>
            <param name="obj"></param>
        </member>
        <member name="T:ServiceAnt.Handler.Request.IAddRequestHandler">
            <summary>
            It uead to register request handler
            </summary>
        </member>
        <member name="M:ServiceAnt.Handler.Request.IAddRequestHandler.AddRequestHandler(System.Type,ServiceAnt.Handler.IHandlerFactory)">
            <summary>
            Register handler with handler factory
            </summary>
            <param name="eventType"></param>
            <param name="factory"></param>
        </member>
        <member name="M:ServiceAnt.Handler.Request.IAddRequestHandler.AddRequestHandler``1(ServiceAnt.Handler.IHandlerFactory)">
            <summary>
            Register handler with handler factory
            </summary>
            <typeparam name="TEvent"></typeparam>
            <param name="factory"></param>
        </member>
        <member name="M:ServiceAnt.Handler.Request.IAddRequestHandler.AddRequestHandler``1(System.Func{``0,ServiceAnt.Request.Handler.IRequestHandlerContext,System.Threading.Tasks.Task})">
            <summary>
            Register handler with delegate
            </summary>
            <typeparam name="TEvent"></typeparam>
            <param name="action"></param>
        </member>
        <member name="M:ServiceAnt.Handler.Request.IAddRequestHandler.AddDynamicRequestHandler(System.String,System.Func{System.Object,ServiceAnt.Request.Handler.IRequestHandlerContext,System.Threading.Tasks.Task})">
            <summary>
            Register dynamic handler with delegate
            </summary>
            <param name="eventName"></param>
            <param name="action"></param>
        </member>
        <member name="M:ServiceAnt.Handler.Request.IAddRequestHandler.RemoveRequestHandler``1(System.Func{``0,ServiceAnt.Request.Handler.IRequestHandlerContext,System.Threading.Tasks.Task})">
            <summary>
            Remove handler by event type
            </summary>
            <typeparam name="TEvent"></typeparam>
            <param name="action"></param>
        </member>
        <member name="M:ServiceAnt.Handler.Request.IAddRequestHandler.RemoveDynamicRequestHandler(System.String,System.Func{System.Object,ServiceAnt.Request.Handler.IRequestHandlerContext,System.Threading.Tasks.Task})">
            <summary>
            Remove dynamic handler by eventName
            </summary>
            <param name="eventName"></param>
            <param name="action"></param>
        </member>
        <member name="T:ServiceAnt.Handler.Request.InMemoryRequestHandlerManager">
            <summary>
            It save the handlers in memory
            </summary>
        </member>
        <member name="M:ServiceAnt.Handler.Request.InMemoryRequestHandlerManager.#ctor">
            <summary>
            Constructor
            </summary>
        </member>
        <member name="M:ServiceAnt.Handler.Request.InMemoryRequestHandlerManager.AddDynamicRequestHandler(System.String,System.Func{System.Object,ServiceAnt.Request.Handler.IRequestHandlerContext,System.Threading.Tasks.Task})">
            <summary>
            Register dynamic handler with delegate
            </summary>
            <param name="eventName"></param>
            <param name="action"></param>
        </member>
        <member name="M:ServiceAnt.Handler.Request.InMemoryRequestHandlerManager.AddRequestHandler(System.Type,ServiceAnt.Handler.IHandlerFactory)">
            <summary>
            Register handler with handler factory
            </summary>
            <param name="eventType"></param>
            <param name="factory"></param>
        </member>
        <member name="M:ServiceAnt.Handler.Request.InMemoryRequestHandlerManager.AddRequestHandler``1(System.Func{``0,ServiceAnt.Request.Handler.IRequestHandlerContext,System.Threading.Tasks.Task})">
            <summary>
            Register handler with delegate
            </summary>
            <typeparam name="TEvent"></typeparam>
            <param name="action"></param>
        </member>
        <member name="M:ServiceAnt.Handler.Request.InMemoryRequestHandlerManager.AddRequestHandler``1(ServiceAnt.Handler.IHandlerFactory)">
            <summary>
            Register handler with handler factory
            </summary>
            <typeparam name="TEvent"></typeparam>
            <param name="factory"></param>
        </member>
        <member name="M:ServiceAnt.Handler.Request.InMemoryRequestHandlerManager.GetHandlerFactoriesForRequest(ServiceAnt.Handler.TransportTray)">
            <summary>
            Get the all handler factory of a request
            </summary>
            <param name="request">request object</param>
            <returns></returns>
        </member>
        <member name="M:ServiceAnt.Handler.Request.InMemoryRequestHandlerManager.GetHandlerFactoriesForRequest(System.String)">
            <summary>
            Get the all handler factory of a request
            </summary>
            <param name="requestName">request name</param>
            <returns></returns>
        </member>
        <member name="M:ServiceAnt.Handler.Request.InMemoryRequestHandlerManager.GetRequestName(System.Type)">
            <summary>
            Get the request name by TransportTray type
            </summary>
            <param name="aType">the class inherited TransportTray</param>
            <returns></returns>
        </member>
        <member name="M:ServiceAnt.Handler.Request.InMemoryRequestHandlerManager.RemoveDynamicRequestHandler(System.String,System.Func{System.Object,ServiceAnt.Request.Handler.IRequestHandlerContext,System.Threading.Tasks.Task})">
            <summary>
            Register dynamic handler with delegate
            </summary>
            <param name="eventName"></param>
            <param name="action"></param>
        </member>
        <member name="M:ServiceAnt.Handler.Request.InMemoryRequestHandlerManager.RemoveRequestHandler``1(System.Func{``0,ServiceAnt.Request.Handler.IRequestHandlerContext,System.Threading.Tasks.Task})">
            <summary>
            Remove handler by event type
            </summary>
            <typeparam name="TEvent"></typeparam>
            <param name="action"></param>
        </member>
        <member name="T:ServiceAnt.Handler.Request.IRequestHandlerManager">
            <summary>
            It used to manage request handle function
            </summary>
        </member>
        <member name="M:ServiceAnt.Handler.Request.IRequestHandlerManager.GetHandlerFactoriesForRequest(System.String)">
            <summary>
            Get the all handler factory of a request
            </summary>
            <param name="requestName">request name</param>
            <returns></returns>
        </member>
        <member name="M:ServiceAnt.Handler.Request.IRequestHandlerManager.GetHandlerFactoriesForRequest(ServiceAnt.Handler.TransportTray)">
            <summary>
            Get the all handler factory of a request
            </summary>
            <param name="request">request object</param>
            <returns></returns>
        </member>
        <member name="M:ServiceAnt.Handler.Request.IRequestHandlerManager.GetRequestName(System.Type)">
            <summary>
            Get the request name by TransportTray type
            </summary>
            <param name="aType">the class inherited TransportTray</param>
            <returns></returns>
        </member>
        <member name="T:ServiceAnt.Infrastructure.Dependency.IIocResolver">
            <summary>
            IocResolver
            </summary>
        </member>
        <member name="M:ServiceAnt.Infrastructure.Dependency.IIocResolver.Resolve``1(System.Type)">
            <summary>
            Gets an object from IOC container.
            Returning object must be Released (see <see cref="M:ServiceAnt.Infrastructure.Dependency.IIocResolver.Release(System.Object)"/>) after usage.
            </summary> 
            <typeparam name="T">Type of the object to cast</typeparam>
            <param name="type">Type of the object to resolve</param>
            <returns>The object instance</returns>
        </member>
        <member name="M:ServiceAnt.Infrastructure.Dependency.IIocResolver.Release(System.Object)">
            <summary>
            Releases a pre-resolved object. See Resolve methods.
            </summary>
            <param name="obj">Object to be released</param>
        </member>
        <member name="T:ServiceAnt.InProcessServiceBus">
            <summary>
            The implement that work in-process
            </summary>
        </member>
        <member name="E:ServiceAnt.InProcessServiceBus.OnLogBusMessage">
            <summary>
            Use to log message of bus
            </summary>
        </member>
        <member name="P:ServiceAnt.InProcessServiceBus.Default">
            <summary>
            Default Instance
            </summary>
        </member>
        <member name="M:ServiceAnt.InProcessServiceBus.#ctor">
            <summary>
            Constructor
            </summary>
        </member>
        <member name="M:ServiceAnt.InProcessServiceBus.#ctor(ServiceAnt.Subscription.ISubscriptionManager,ServiceAnt.Handler.Request.IRequestHandlerManager)">
            <summary>
            It used to inject mock object
            </summary>
            <param name="subcriptionManager"></param>
            <param name="requestHandlerManager"></param>
        </member>
        <member name="M:ServiceAnt.InProcessServiceBus.AddDynamicSubscription(System.String,System.Func{System.Object,System.Threading.Tasks.Task})">
            <summary>
            Add Subscription for event by delegate with dynamic parameter
            </summary>
            <param name="eventName">the name of event(the class name of event type)</param>
            <param name="action">Handler delegate</param>
        </member>
        <member name="M:ServiceAnt.InProcessServiceBus.AddSubscription(System.Type,ServiceAnt.Handler.IHandlerFactory)">
            <summary>
            Add Subscription for event by factory
            </summary>
            <param name="eventType">The type of event must inherit TransportTray</param>
            <param name="factory">The factory of handler</param>
        </member>
        <member name="M:ServiceAnt.InProcessServiceBus.AddSubscription``1(System.Func{``0,System.Threading.Tasks.Task})">
            <summary>
            Add Subscription for event by delegate
            </summary>
            <typeparam name="TEvent">The event must inherit TransportTray</typeparam>
            <param name="action">Handler delegate</param>
        </member>
        <member name="M:ServiceAnt.InProcessServiceBus.AddSubscription``1(ServiceAnt.Handler.IHandlerFactory)">
            <summary>
            Add Subscription for event by factory
            </summary>
            <typeparam name="TEvent">The event must inherit TransportTray </typeparam>
            <param name="factory"></param>s
        </member>
        <member name="M:ServiceAnt.InProcessServiceBus.RemoveDynamicSubscription(System.String,System.Func{System.Object,System.Threading.Tasks.Task})">
            <summary>
            Remove subscription from servicebus
            </summary>
            <param name="eventName">the name of event(the class name of event type)</param>
            <param name="action">Handler delegate</param>
        </member>
        <member name="M:ServiceAnt.InProcessServiceBus.RemoveSubscription``1(System.Func{``0,System.Threading.Tasks.Task})">
            <summary>
            Remove subscription from servicebus
            </summary>
            <typeparam name="TEvent">The event must inherit TransportTray</typeparam>
            <param name="action">Handler delegate</param>
        </member>
        <member name="M:ServiceAnt.InProcessServiceBus.Publish(ServiceAnt.Handler.TransportTray)">
            <summary>
            Publish a event
            </summary>
            <param name="event"></param>
            <returns></returns>
        </member>
        <member name="M:ServiceAnt.InProcessServiceBus.PublishSync(ServiceAnt.Handler.TransportTray)">
            <summary>
            Publish a event sync
            </summary>
            <param name="event"></param>
        </member>
        <member name="M:ServiceAnt.InProcessServiceBus.AddRequestHandler(System.Type,ServiceAnt.Handler.IHandlerFactory)">
            <summary>
            Register handler with handler factory
            </summary>
            <param name="eventType"></param>
            <param name="factory"></param>
        </member>
        <member name="M:ServiceAnt.InProcessServiceBus.AddRequestHandler``1(ServiceAnt.Handler.IHandlerFactory)">
            <summary>
            Register handler with handler factory
            </summary>
            <typeparam name="TEvent"></typeparam>
            <param name="factory"></param>
        </member>
        <member name="M:ServiceAnt.InProcessServiceBus.AddRequestHandler``1(System.Func{``0,ServiceAnt.Request.Handler.IRequestHandlerContext,System.Threading.Tasks.Task})">
            <summary>
            Register handler with delegate
            </summary>
            <typeparam name="TEvent"></typeparam>
            <param name="action"></param>
        </member>
        <member name="M:ServiceAnt.InProcessServiceBus.AddDynamicRequestHandler(System.String,System.Func{System.Object,ServiceAnt.Request.Handler.IRequestHandlerContext,System.Threading.Tasks.Task})">
            <summary>
            Register dynamic handler with delegate
            </summary>
            <param name="eventName"></param>
            <param name="action"></param>
        </member>
        <member name="M:ServiceAnt.InProcessServiceBus.RemoveRequestHandler``1(System.Func{``0,ServiceAnt.Request.Handler.IRequestHandlerContext,System.Threading.Tasks.Task})">
            <summary>
            Remove handler by event type
            </summary>
            <typeparam name="TEvent"></typeparam>
            <param name="action"></param>
        </member>
        <member name="M:ServiceAnt.InProcessServiceBus.RemoveDynamicRequestHandler(System.String,System.Func{System.Object,ServiceAnt.Request.Handler.IRequestHandlerContext,System.Threading.Tasks.Task})">
            <summary>
            Remove dynamic handler by eventName
            </summary>
            <param name="eventName"></param>
            <param name="action"></param>
        </member>
        <member name="M:ServiceAnt.InProcessServiceBus.Send``1(ServiceAnt.Handler.TransportTray)">
            <summary>
            Send a request sync
            </summary>
            <typeparam name="T"></typeparam>
            <param name="event"></param>
            <returns></returns>
        </member>
        <member name="M:ServiceAnt.InProcessServiceBus.SendAsync``1(ServiceAnt.Handler.TransportTray)">
            <summary>
            Send a request async
            </summary>
            <typeparam name="T"></typeparam>
            <param name="event"></param>
            <returns></returns>
        </member>
        <member name="T:ServiceAnt.IServiceBus">
            <summary>
            It used to publish event or send a request
            </summary>
        </member>
        <member name="E:ServiceAnt.IServiceBus.OnLogBusMessage">
            <summary>
            Use to log message of bus
            </summary>
        </member>
        <member name="M:ServiceAnt.IServiceBus.Publish(ServiceAnt.Handler.TransportTray)">
            <summary>
            Publish a event
            </summary>
            <param name="event"></param>
            <returns></returns>
        </member>
        <member name="M:ServiceAnt.IServiceBus.Send``1(ServiceAnt.Handler.TransportTray)">
            <summary>
            Send a request sync
            </summary>
            <typeparam name="T"></typeparam>
            <param name="event"></param>
            <returns></returns>
        </member>
        <member name="M:ServiceAnt.IServiceBus.SendAsync``1(ServiceAnt.Handler.TransportTray)">
            <summary>
            Send a request async
            </summary>
            <typeparam name="T"></typeparam>
            <param name="event"></param>
            <returns></returns>
        </member>
        <member name="T:ServiceAnt.Request.Handler.ActionRequestHandler`1">
            <summary>
            The container of request handler registing with delegate
            </summary>
            <typeparam name="TRequest"></typeparam>
        </member>
        <member name="M:ServiceAnt.Request.Handler.ActionRequestHandler`1.#ctor(System.Func{`0,ServiceAnt.Request.Handler.IRequestHandlerContext,System.Threading.Tasks.Task})">
            <summary>
            Constructor
            </summary>
            <param name="action">register delagate</param>
        </member>
        <member name="M:ServiceAnt.Request.Handler.ActionRequestHandler`1.HandleAsync(`0,ServiceAnt.Request.Handler.IRequestHandlerContext)">
            <summary>
            Handle request async
            </summary>
            <param name="param">request</param>
            <param name="handlerContext">handler context</param>
            <returns></returns>
        </member>
        <member name="M:ServiceAnt.Request.Handler.ActionRequestHandler`1.IsSame(System.Func{`0,ServiceAnt.Request.Handler.IRequestHandlerContext,System.Threading.Tasks.Task})">
            <summary>
            Compare the registered delegate is same with inpurt delegate
            </summary>
            <param name="compareAction">inpurt delegate</param>
            <returns></returns>
        </member>
        <member name="T:ServiceAnt.Request.Handler.ActionRequestHandler">
            <summary>
            The container of request handler registing with delegate having dynamic request parameter
            </summary>
        </member>
        <member name="M:ServiceAnt.Request.Handler.ActionRequestHandler.#ctor(System.Func{System.Object,ServiceAnt.Request.Handler.IRequestHandlerContext,System.Threading.Tasks.Task})">
            <summary>
            Constructor
            </summary>
            <param name="action"></param>
        </member>
        <member name="M:ServiceAnt.Request.Handler.ActionRequestHandler.HandleAsync(System.Object,ServiceAnt.Request.Handler.IRequestHandlerContext)">
            <summary>
            Handle request async
            </summary>
            <param name="param">dynamic request parameter</param>
            <param name="handlerContext">handler context</param>
            <returns></returns>
        </member>
        <member name="M:ServiceAnt.Request.Handler.ActionRequestHandler.IsSame(System.Func{System.Object,ServiceAnt.Request.Handler.IRequestHandlerContext,System.Threading.Tasks.Task})">
            <summary>
            Compare the registered delegate is same with inpurt delegate
            </summary>
            <param name="compareAction">inpurt delegate</param>
            <returns></returns>
        </member>
        <member name="T:ServiceAnt.Request.Handler.IRequestHandler">
            <summary>
            The inerface of handling request
            </summary>
        </member>
        <member name="T:ServiceAnt.Request.Handler.IRequestHandler`1">
            <summary>
            The interface of handling request
            </summary>
            <typeparam name="TRequest">request parameter</typeparam>
        </member>
        <member name="M:ServiceAnt.Request.Handler.IRequestHandler`1.HandleAsync(`0,ServiceAnt.Request.Handler.IRequestHandlerContext)">
            <summary>
            Handle request async
            </summary>
            <param name="param">request</param>
            <param name="handlerContext">handler context</param>
            <returns></returns>
        </member>
        <member name="T:ServiceAnt.Request.Handler.IDynamicRequestHandler">
            <summary>
            The interface of handling request with dynamic parameter
            </summary>
        </member>
        <member name="M:ServiceAnt.Request.Handler.IDynamicRequestHandler.HandleAsync(System.Object,ServiceAnt.Request.Handler.IRequestHandlerContext)">
            <summary>
            Handle request async
            </summary>
            <param name="param">dynamic request parameter</param>
            <param name="handlerContext">handler context</param>
            <returns></returns>
        </member>
        <member name="P:ServiceAnt.Request.Handler.IRequestHandlerContext.Response">
            <summary>
            Response
            </summary>
        </member>
        <member name="P:ServiceAnt.Request.Handler.IRequestHandlerContext.Environment">
            <summary>
            Environment
            </summary>
        </member>
        <member name="P:ServiceAnt.Request.Handler.IRequestHandlerContext.IsEnd">
            <summary>
            Indicate if it is the end of pipeline
            </summary>
        </member>
        <member name="M:ServiceAnt.Request.Handler.IRequestHandlerContext.Get``1(System.String)">
            <summary>
            Get the value from enviroment
            </summary>
            <typeparam name="T"></typeparam>
            <param name="key"></param>
            <returns></returns>
        </member>
        <member name="M:ServiceAnt.Request.Handler.IRequestHandlerContext.Set``1(System.String,``0)">
            <summary>
            Set the T to environment
            </summary>
            <typeparam name="T"></typeparam>
            <param name="key"></param>
            <param name="value"></param>
            <returns></returns>
        </member>
        <member name="P:ServiceAnt.Request.Handler.RequestHandlerContext.Response">
            <summary>
            Response
            </summary>
        </member>
        <member name="P:ServiceAnt.Request.Handler.RequestHandlerContext.IsEnd">
            <summary>
            Indicate if it is the end of pipeline
            </summary>
        </member>
        <member name="P:ServiceAnt.Request.Handler.RequestHandlerContext.Environment">
            <summary>
            Environment
            </summary>
        </member>
        <member name="M:ServiceAnt.Request.Handler.RequestHandlerContext.Get``1(System.String)">
            <summary>
            Get the value from enviroment
            </summary>
            <typeparam name="T"></typeparam>
            <param name="key"></param>
            <returns></returns>
        </member>
        <member name="M:ServiceAnt.Request.Handler.RequestHandlerContext.Set``1(System.String,``0)">
            <summary>
            Set the T to environment
            </summary>
            <typeparam name="T"></typeparam>
            <param name="key"></param>
            <param name="value"></param>
            <returns></returns>
        </member>
        <member name="T:ServiceAnt.Subscription.IAddSubscription">
            <summary>
            AddSubscription
            </summary>
        </member>
        <member name="M:ServiceAnt.Subscription.IAddSubscription.AddSubscription(System.Type,ServiceAnt.Handler.IHandlerFactory)">
            <summary>
            Add Subscription for event by factory
            </summary>
            <param name="eventType">The type of event must inherit TransportTray</param>
            <param name="factory">The factory of handler</param>
        </member>
        <member name="M:ServiceAnt.Subscription.IAddSubscription.AddSubscription``1(ServiceAnt.Handler.IHandlerFactory)">
            <summary>
            Add Subscription for event by factory
            </summary>
            <typeparam name="TEvent">The event must inherit TransportTray </typeparam>
            <param name="factory"></param>
        </member>
        <member name="M:ServiceAnt.Subscription.IAddSubscription.AddSubscription``1(System.Func{``0,System.Threading.Tasks.Task})">
            <summary>
            Add Subscription for event by delegate
            </summary>
            <typeparam name="TEvent">The event must inherit TransportTray</typeparam>
            <param name="action">Handler delegate</param>
        </member>
        <member name="M:ServiceAnt.Subscription.IAddSubscription.AddDynamicSubscription(System.String,System.Func{System.Object,System.Threading.Tasks.Task})">
            <summary>
            Add Subscription for event by delegate with dynamic parameter
            </summary>
            <param name="eventName">the name of event(the class name of event type)</param>
            <param name="action">Handler delegate</param>
        </member>
        <member name="M:ServiceAnt.Subscription.IAddSubscription.RemoveSubscription``1(System.Func{``0,System.Threading.Tasks.Task})">
            <summary>
            Remove subscription from servicebus
            </summary>
            <typeparam name="TEvent">The event must inherit TransportTray</typeparam>
            <param name="action">Handler delegate</param>
        </member>
        <member name="M:ServiceAnt.Subscription.IAddSubscription.RemoveDynamicSubscription(System.String,System.Func{System.Object,System.Threading.Tasks.Task})">
            <summary>
            Remove subscription from servicebus
            </summary>
            <param name="eventName">the name of event(the class name of event type)</param>
            <param name="action">Handler delegate</param>
        </member>
        <member name="T:ServiceAnt.Subscription.InMemorySubscriptionsManager">
            <summary>
            InMemorySubscriptionsManager
            </summary>
        </member>
        <member name="M:ServiceAnt.Subscription.InMemorySubscriptionsManager.#ctor">
            <summary>
            Constructor
            </summary>
        </member>
        <member name="M:ServiceAnt.Subscription.InMemorySubscriptionsManager.AddDynamicSubscription(System.String,System.Func{System.Object,System.Threading.Tasks.Task})">
            <summary>
            Add Subscription for event by delegate with dynamic parameter
            </summary>
            <param name="eventName">the name of event(the class name of event type)</param>
            <param name="action">Handler delegate</param>
        </member>
        <member name="M:ServiceAnt.Subscription.InMemorySubscriptionsManager.AddSubscription(System.Type,ServiceAnt.Handler.IHandlerFactory)">
            <summary>
            Add Subscription for event by factory
            </summary>
            <param name="eventType">The type of event must inherit TransportTray</param>
            <param name="factory">The factory of handler</param>
        </member>
        <member name="M:ServiceAnt.Subscription.InMemorySubscriptionsManager.AddSubscription``1(System.Func{``0,System.Threading.Tasks.Task})">
            <summary>
            Add Subscription for event by delegate
            </summary>
            <typeparam name="TEvent">The event must inherit TransportTray</typeparam>
            <param name="action">Handler delegate</param>
        </member>
        <member name="M:ServiceAnt.Subscription.InMemorySubscriptionsManager.AddSubscription``1(ServiceAnt.Handler.IHandlerFactory)">
            <summary>
            Add Subscription for event by factory
            </summary>
            <typeparam name="TEvent">The event must inherit TransportTray </typeparam>
            <param name="factory"></param>
        </member>
        <member name="M:ServiceAnt.Subscription.InMemorySubscriptionsManager.GetHandlerFactoriesForEvent(System.String)">
            <summary>
            Get all factory of handler by evetname
            </summary>
            <param name="eventName"></param>
            <returns></returns>
        </member>
        <member name="M:ServiceAnt.Subscription.InMemorySubscriptionsManager.GetHandlerFactoriesForEvent(ServiceAnt.Handler.TransportTray)">
            <summary>
            Get all factory of handler by event object
            </summary>
            <param name="event"></param>
            <returns></returns>
        </member>
        <member name="M:ServiceAnt.Subscription.InMemorySubscriptionsManager.RemoveDynamicSubscription(System.String,System.Func{System.Object,System.Threading.Tasks.Task})">
            <summary>
            Remove subscription from servicebus
            </summary>
            <param name="eventName">the name of event(the class name of event type)</param>
            <param name="action">Handler delegate</param>
        </member>
        <member name="M:ServiceAnt.Subscription.InMemorySubscriptionsManager.RemoveSubscription``1(System.Func{``0,System.Threading.Tasks.Task})">
            <summary>
            Remove subscription from servicebus
            </summary>
            <typeparam name="TEvent">The event must inherit TransportTray</typeparam>
            <param name="action">Handler delegate</param>
        </member>
        <member name="M:ServiceAnt.Subscription.InMemorySubscriptionsManager.GetEventName(System.Type)">
            <summary>
            Get event name by event type
            </summary>
            <param name="aType"></param>
            <returns></returns>
        </member>
        <member name="T:ServiceAnt.Subscription.ISubscriptionManager">
            <summary>
            SubscriptionManager
            </summary>
        </member>
        <member name="M:ServiceAnt.Subscription.ISubscriptionManager.GetHandlerFactoriesForEvent(System.String)">
            <summary>
            Get all factory of handler by evetname
            </summary>
            <param name="eventName"></param>
            <returns></returns>
        </member>
        <member name="M:ServiceAnt.Subscription.ISubscriptionManager.GetHandlerFactoriesForEvent(ServiceAnt.Handler.TransportTray)">
            <summary>
            Get all factory of handler by event object
            </summary>
            <param name="event"></param>
            <returns></returns>
        </member>
        <member name="M:ServiceAnt.Subscription.ISubscriptionManager.GetEventName(System.Type)">
            <summary>
            Get event name by event type
            </summary>
            <param name="aType"></param>
            <returns></returns>
        </member>
    </members>
</doc>
